<xml xmlns:o="urn:schemas-microsoft-com:office:office">
 <o:MainFile HRef="../Parkeren.htm"/>
 <o:File HRef="stylesheet.css"/>
 <o:File HRef="tabstrip.htm"/>
 <o:File HRef="sheet001.htm"/>
 <o:File HRef="sheet002.htm"/>
 <o:File HRef="image001.png"/>
 <o:File HRef="image045.png"/>
 <o:File HRef="sheet003.htm"/>
 <o:File HRef="image046.png"/>
 <o:File HRef="image047.png"/>
 <o:File HRef="image005.png"/>
 <o:File HRef="image048.png"/>
 <o:File HRef="sheet004.htm"/>
 <o:File HRef="image007.png"/>
 <o:File HRef="image049.png"/>
 <o:File HRef="image009.png"/>
 <o:File HRef="image050.png"/>
 <o:File HRef="sheet005.htm"/>
 <o:File HRef="image051.png"/>
 <o:File HRef="image052.png"/>
 <o:File HRef="image013.png"/>
 <o:File HRef="image053.png"/>
 <o:File HRef="image054.png"/>
 <o:File HRef="image055.png"/>
 <o:File HRef="image056.png"/>
 <o:File HRef="image057.png"/>
 <o:File HRef="image058.png"/>
 <o:File HRef="image059.png"/>
 <o:File HRef="sheet006.htm"/>
 <o:File HRef="image021.png"/>
 <o:File HRef="image060.png"/>
 <o:File HRef="image061.png"/>
 <o:File HRef="image062.png"/>
 <o:File HRef="sheet007.htm"/>
 <o:File HRef="image063.png"/>
 <o:File HRef="image064.png"/>
 <o:File HRef="image027.png"/>
 <o:File HRef="image065.png"/>
 <o:File HRef="sheet008.htm"/>
 <o:File HRef="image029.png"/>
 <o:File HRef="image066.png"/>
 <o:File HRef="sheet009.htm"/>
 <o:File HRef="image031.png"/>
 <o:File HRef="image067.png"/>
 <o:File HRef="sheet010.htm"/>
 <o:File HRef="image068.png"/>
 <o:File HRef="image069.png"/>
 <o:File HRef="sheet011.htm"/>
 <o:File HRef="image035.png"/>
 <o:File HRef="image070.png"/>
 <o:File HRef="image037.png"/>
 <o:File HRef="image071.png"/>
 <o:File HRef="sheet012.htm"/>
 <o:File HRef="image072.png"/>
 <o:File HRef="image073.png"/>
 <o:File HRef="sheet013.htm"/>
 <o:File HRef="image041.png"/>
 <o:File HRef="image074.png"/>
 <o:File HRef="sheet014.htm"/>
 <o:File HRef="image043.png"/>
 <o:File HRef="image075.png"/>
 <o:File HRef="filelist.xml"/>
</xml>